id	Tijdstempel	1. –í–∞—à –ø–æ–ª	sex	2. –í–∞—à –≤–æ–∑—Ä–∞—Å—Ç	age_group	3. –ì–¥–µ –≤—ã –∂–∏–≤–µ—Ç–µ?	residence	4. –ì–¥–µ –≤—ã —Ä–æ–¥–∏–ª–∏—Å—å –∏ –∂–∏–ª–∏ –ø–µ—Ä–≤—ã–µ –≥–æ–¥—ã –∂–∏–∑–Ω–∏?	birth_place	5. –ö—Ç–æ –≤—ã –ø–æ –Ω–∞—Ü–∏–æ–Ω–∞–ª—å–Ω–æ—Å—Ç–∏?	nationality	–ö–∞–∫ –≤—ã –æ—Ç–≤–µ—á–∞–µ—Ç–µ –Ω–∞ —ç—Ç–æ—Ç –≤–æ–ø—Ä–æ—Å –∫–æ–≥–¥–∞ –µ–≥–æ –∑–∞–¥–∞—é—Ç –≤ –ë–æ—Ç–ª–∏—Ö–µ?	nationality_botlikh	–ö–∞–∫ –≤—ã –±—ã –æ—Ç–≤–µ—Ç–∏–ª–∏ –Ω–∞ —ç—Ç–æ—Ç –≤–æ–ø—Ä–æ—Å –≤ –ú–∞—Ö–∞—á–∫–∞–ª–µ?	nationality_makhachkala	–ö–∞–∫ –≤—ã –±—ã –æ—Ç–≤–µ—Ç–∏–ª–∏ –Ω–∞ —ç—Ç–æ—Ç –≤–æ–ø—Ä–æ—Å –≤ –ú–æ—Å–∫–≤–µ?	nationality_moscow	–ö–∞–∫ –≤—ã –±—ã –æ—Ç–≤–µ—Ç–∏–ª–∏ –Ω–∞ —ç—Ç–æ—Ç –≤–æ–ø—Ä–æ—Å –∑–∞ –≥—Ä–∞–Ω–∏—Ü–µ–π?	nationality_abroad	6. –ö–∞–∫ –Ω–∞–∑—ã–≤–∞–µ—Ç—Å—è –≤–∞—à —Ä–æ–¥–Ω–æ–π —è–∑—ã–∫ –Ω–∞ –≤–∞—à–µ–º —Ä–æ–¥–Ω–æ–º —è–∑—ã–∫–µ?	your_native_language	7. –ë–æ—Ç–ª–∏—Ö—Ü—ã —è–≤–ª—è—é—Ç—Å—è	botlikh_ethnos	–ï—Å–ª–∏ –≤—ã –≤—ã–±—Ä–∞–ª–∏ ‚Äú–¥—Ä—É–≥–æ–µ‚Äù, –∫–∞–∫ –≤—ã –±—ã –æ–ø–∏—Å–∞–ª–∏ —ç—Ç–Ω–∏—á–µ—Å–∫—É—é –ø—Ä–∏–Ω–∞–¥–ª–µ–∂–Ω–æ—Å—Ç—å –±–æ—Ç–ª–∏—Ö—Ü–µ–≤?	8. –†–æ–¥–Ω—ã–º —è–∑—ã–∫–æ–º –¥–ª—è –±–æ—Ç–ª–∏—Ö—Ü–µ–≤ —è–≤–ª—è–µ—Ç—Å—è	botlikh_native_language	–ï—Å–ª–∏ –≤—ã –≤—ã–±—Ä–∞–ª–∏ ‚Äú–¥—Ä—É–≥–æ–µ‚Äù, –∫–∞–∫–æ–π —è–∑—ã–∫ –ø–æ-–≤–∞—à–µ–º—É —è–≤–ª—è–µ—Ç—Å—è —Ä–æ–¥–Ω—ã–º —è–∑—ã–∫–æ–º –¥–ª—è –±–æ—Ç–ª–∏—Ö—Ü–µ–≤?	9. –ë–æ—Ç–ª–∏—Ö—Å–∫–∏–π —è–≤–ª—è–µ—Ç—Å—è	botlikh_lang	–ï—Å–ª–∏ –≤—ã —Å—á–∏—Ç–∞–µ—Ç–µ –±–æ—Ç–ª–∏—Ö—Å–∫–∏–π –¥–∏–∞–ª–µ–∫—Ç–æ–º, —Ç–æ –∫ –∫–∞–∫–æ–º—É —è–∑—ã–∫—É –æ–Ω –ø–æ-–≤–∞—à–µ–º—É –æ—Ç–Ω–æ—Å–∏—Ç—Å—è?	10. –ú–∏–∞—Ä—Å–∏–Ω—Å–∫–∏–π —è–≤–ª—è–µ—Ç—Å—è	miarso_lang	–ï—Å–ª–∏ –≤—ã —Å—á–∏—Ç–∞–µ—Ç–µ –º–∏–∞—Ä—Å–∏–Ω—Å–∫–∏–π –¥–∏–∞–ª–µ–∫—Ç–æ–º, —Ç–æ –∫ –∫–∞–∫–æ–º—É —è–∑—ã–∫—É –æ–Ω –ø–æ-–≤–∞—à–µ–º—É –æ—Ç–Ω–æ—Å–∏—Ç—Å—è?	11. –ê—à–∏–Ω–æ–≤—Å–∫–∏–π —è–≤–ª—è–µ—Ç—Å—è	ashino_lang	–ï—Å–ª–∏ –≤—ã —Å—á–∏—Ç–∞–µ—Ç–µ –∞—à–∏–Ω–æ–≤—Å–∫–∏–π –¥–∏–∞–ª–µ–∫—Ç–æ–º, —Ç–æ –∫ –∫–∞–∫–æ–º—É —è–∑—ã–∫—É –æ–Ω –ø–æ-–≤–∞—à–µ–º—É –æ—Ç–Ω–æ—Å–∏—Ç—Å—è?	12. –ù–∞ –∫–∞–∫–æ–º —è–∑—ã–∫–µ –∏–ª–∏ –Ω–∞ –∫–∞–∫–∏—Ö —è–∑—ã–∫–∞—Ö –≥–æ–≤–æ—Ä—è—Ç –≤ –≤–∞—à–µ–π —Å–µ–º—å–µ?	family_lang	family_botlikh	family_avar	family_russian	family_other	13. –° –∫–µ–º –≤—ã —Ä–∞–∑–≥–æ–≤–∞—Ä–∏–≤–∞–µ—Ç–µ –Ω–∞ —Å–≤–æ–µ–º —è–∑—ã–∫–µ?	botlikh_parents	botlikh_relatives	botlikh_children	botlikh_villagers	botlikh_partner	botlikh_elderly	botlikh_neighbors	14. –°—á–∏—Ç–∞–µ—Ç–µ –ª–∏ –≤—ã –≤–∞–∂–Ω—ã–º –∑–Ω–∞—Ç—å —Å–≤–æ–π —è–∑—ã–∫?	–ï—Å–ª–∏ —Ö–æ—Ç–∏—Ç–µ, –ø–æ—è—Å–Ω–∏—Ç–µ, –ø–æ–∂–∞–ª—É–π—Å—Ç–∞, –≤–∞—à –æ—Ç–≤–µ—Ç –Ω–∞ —ç—Ç–æ—Ç –≤–æ–ø—Ä–æ—Å.	15. –°—á–∏—Ç–∞–µ—Ç–µ –ª–∏ –≤—ã –≤–∞–∂–Ω—ã–º –ø–µ—Ä–µ–¥–∞—Ç—å —Å–≤–æ–π —è–∑—ã–∫ –¥–µ—Ç—è–º?	–ï—Å–ª–∏ —Ö–æ—Ç–∏—Ç–µ, –ø–æ—è—Å–Ω–∏—Ç–µ, –ø–æ–∂–∞–ª—É–π—Å—Ç–∞, –≤–∞—à –æ—Ç–≤–µ—Ç –Ω–∞ —ç—Ç–æ—Ç –≤–æ–ø—Ä–æ—Å.	16. –ù–∞ –∫–∞–∫–æ–º —è–∑—ã–∫–µ –≤—ã –ø–∏—à–µ—Ç–µ –≤ —Å–æ—Ü—Å–µ—Ç—è—Ö?	socials_botlikh	socials_avar	socials_russian	–û—Ç —á–µ–≥–æ –∑–∞–≤–∏—Å–∏—Ç –≤—ã–±–æ—Ä —è–∑—ã–∫–∞ –≤ —Å–æ—Ü—Å–µ—Ç—è—Ö?	17. –ù–∞ –∫–∞–∫–æ–º —è–∑—ã–∫–µ –≤—ã –≥–æ–≤–æ—Ä–∏—Ç–µ –Ω–∞ –±–∞–∑–∞—Ä–µ –≤ –ë–æ—Ç–ª–∏—Ö–µ?	market_botlikh	market_avar	market_russian	–ß—Ç–æ –æ–ø—Ä–µ–¥–µ–ª—è–µ—Ç –≤—ã–±–æ—Ä —è–∑—ã–∫–∞ –Ω–∞ –±–∞–∑–∞—Ä–µ?	18. –ö–∞–∫ –≤–∞–º –∫–∞–∂–µ—Ç—Å—è, –º–Ω–æ–≥–æ –ª–∏ –≤ –ë–æ—Ç–ª–∏—Ö–µ —Å–º–µ—à–∞–Ω–Ω—ã—Ö –±—Ä–∞–∫–æ–≤ –≤ –ø–ª–∞–Ω–µ —è–∑—ã–∫–∞?	mixed_marriages	19. –í —Å–º–µ—à–∞–Ω–Ω—ã—Ö –±—Ä–∞–∫–∞—Ö –Ω–∞ –∫–∞–∫–æ–º —è–∑—ã–∫–µ —Å–∫–æ—Ä–µ–µ –≤—Å–µ–≥–æ –±—É–¥—É—Ç –≥–æ–≤–æ—Ä–∏—Ç—å –¥–µ—Ç–∏?	mixed_languages	20. –ö–∞–∫ –≤—ã –æ—Ü–µ–Ω–∏–≤–∞–µ—Ç–µ —Å–æ–±—Å—Ç–≤–µ–Ω–Ω–æ–µ –≤–ª–∞–¥–µ–Ω–∏–µ –±–æ—Ç–ª–∏—Ö—Å–∫–∏–º?	proficiency	–ï—Å–ª–∏ –≤—ã –≤—ã–±—Ä–∞–ª–∏ ‚Äú–¥—Ä—É–≥–æ–µ‚Äù, –∫–∞–∫ –≤—ã –±—ã –æ–ø–∏—Å–∞–ª–∏ —Å–≤–æ–π —É—Ä–æ–≤–µ–Ω—å –≤–ª–∞–¥–µ–Ω–∏–µ –±–æ—Ç–ª–∏—Ö—Å–∫–∏–º?	21. –•–∞—Ä–∞–∫—Ç–µ—Ä–µ–Ω –ª–∏ –≤–∞—à —É—Ä–æ–≤–µ–Ω—å –≤–ª–∞–¥–µ–Ω–∏—è —è–∑—ã–∫–æ–º –¥–ª—è –ª—é–¥–µ–π –≤–∞—à–µ–≥–æ –ø–æ–∫–æ–ª–µ–Ω–∏—è?	typical_proficiency	22. –ö–∞–∫ –≤–∞–º –∫–∞–∂–µ—Ç—Å—è, –º–æ–∂–µ—Ç –ª–∏ —Ç–∞–∫ —Å–ª—É—á–∏—Ç—å—Å—è, —á—Ç–æ –Ω–∞ –±–æ—Ç–ª–∏—Ö—Å–∫–æ–º —Å–∫–æ—Ä–æ –ø–µ—Ä–µ—Å—Ç–∞–Ω—É—Ç –≥–æ–≤–æ—Ä–∏—Ç—å?	likely_language_death	23. –°—á–∏—Ç–∞–µ—Ç–µ –ª–∏ –≤—ã –ø–æ–ª–µ–∑–Ω—ã–º –ø—Ä–µ–ø–æ–¥–∞–≤–∞–Ω–∏–µ –∞–≤–∞—Ä—Å–∫–æ–≥–æ —è–∑—ã–∫–∞ –≤ —à–∫–æ–ª–µ –≤ –ë–æ—Ç–ª–∏—Ö–µ?	avar_school	24. –•–æ—Ç–µ–ª–∏ –ª–∏ –±—ã –≤—ã, —á—Ç–æ–±—ã –≤–∞—à–∏ –¥–µ—Ç–∏ —É—á–∏–ª–∏ –±–æ—Ç–ª–∏—Ö—Å–∫–∏–π –≤ —à–∫–æ–ª–µ?	botlikh_school	25. –í–∞–∂–Ω–æ —É–º–µ—Ç—å –≥–æ–≤–æ—Ä–∏—Ç—å –Ω–∞ —Å–≤–æ–µ–º —è–∑—ã–∫–µ.	26. –ë–æ—Ç–ª–∏—Ö—Å–∫–∏–π —è–∑—ã–∫ –Ω–µ –ø—Ä–æ–∫–æ—Ä–º–∏—Ç.	27. –ó–Ω–∞–Ω–∏–µ —è–∑—ã–∫–∞ —Å–≤–æ–∏—Ö –ø—Ä–µ–¥–∫–æ–≤ –æ–±—è–∑–∞—Ç–µ–ª—å–Ω–æ.	28. –ó–Ω–∞–Ω–∏–µ –±–æ—Ç–ª–∏—Ö—Å–∫–æ–≥–æ —è–∑—ã–∫–∞ –º–µ—à–∞–µ—Ç —Ö–æ—Ä–æ—à–æ –≤—ã—É—á–∏—Ç—å —Ä—É—Å—Å–∫–∏–π.	29. –ï—Å–ª–∏ –±–æ—Ç–ª–∏—Ö—Å–∫–∏–π —è–∑—ã–∫ –∏—Å—á–µ–∑–Ω–µ—Ç, —ç—Ç–æ –±—É–¥–µ—Ç –ø–ª–æ—Ö–æ.	30. –î–µ—Ç–∏ –¥–æ–ª–∂–Ω—ã –∑–Ω–∞—Ç—å –∞–≤–∞—Ä—Å–∫–∏–π.	avar	31. –î–µ—Ç–∏ –¥–æ–ª–∂–Ω—ã –∑–Ω–∞—Ç—å –±–æ—Ç–ª–∏—Ö—Å–∫–∏–π.	botlikh	32. –î–µ—Ç–∏ –¥–æ–ª–∂–Ω—ã –∑–Ω–∞—Ç—å —Ä—É—Å—Å–∫–∏–π.	russian	33. –î–µ—Ç–∏ –¥–æ–ª–∂–Ω—ã –∑–Ω–∞—Ç—å –∞—Ä–∞–±—Å–∫–∏–π.	arabic	34. –î–µ—Ç–∏ –¥–æ–ª–∂–Ω—ã –∑–Ω–∞—Ç—å –∞–Ω–≥–ª–∏–π—Å–∫–∏–π.	english	35. –ì–æ—Å—É–¥–∞—Ä—Å—Ç–≤–æ –¥–æ–ª–∂–Ω–æ –ø–æ–¥–¥–µ—Ä–∂–∏–≤–∞—Ç—å –º–µ—Å—Ç–Ω—ã–µ —è–∑—ã–∫–∏.	36. –°–æ—Ö—Ä–∞–Ω–µ–Ω–∏–µ –±–æ—Ç–ª–∏—Ö—Å–∫–æ–≥–æ —è–∑—ã–∫–∞ - –¥–µ–ª–æ –±–æ—Ç–ª–∏—Ö—Ü–µ–≤.	37. –°–æ–∑–¥–∞–Ω–∏–µ –æ—Ñ–∏—Ü–∏–∞–ª—å–Ω–æ–π –±–æ—Ç–ª–∏—Ö—Å–∫–æ–π –ø–∏—Å—å–º–µ–Ω–Ω–æ—Å—Ç–∏	38. –°–æ–∑–¥–∞–Ω–∏–µ —É—á–µ–±–Ω—ã—Ö –º–∞—Ç–µ—Ä–∏–∞–ª–æ–≤ –ø–æ –±–æ—Ç–ª–∏—Ö—Å–∫–æ–º—É (–∞–∑–±—É–∫–∞, —Ä–∞–∑–≥–æ–≤–æ—Ä–Ω–∏–∫, —É—á–µ–±–Ω–∏–∫)	39. –û–±—â–µ—Å—Ç–≤–µ–Ω–Ω—ã–µ –º–µ—Ä–æ–ø—Ä–∏—è—Ç–∏—è, —Ç–∞–∫–∏–µ –∫–∞–∫ –¥–∏–∫—Ç–∞–Ω—Ç –Ω–∞ –±–æ—Ç–ª–∏—Ö—Å–∫–æ–º	40. –ü—Ä–æ–≤–µ–¥–µ–Ω–∏–µ –æ–±—è–∑–∞—Ç–µ–ª—å–Ω—ã—Ö —É—Ä–æ–∫–æ–≤ –±–æ—Ç–ª–∏—Ö—Å–∫–æ–≥–æ –≤ —à–∫–æ–ª–µ	41. –ü—Ä–æ–≤–µ–¥–µ–Ω–∏–µ –∫—É—Ä—Å–æ–≤ –±–æ—Ç–ª–∏—Ö—Å–∫–æ–≥–æ –Ω–∞ –¥–æ–±—Ä–æ–≤–æ–ª—å–Ω–æ–π –æ—Å–Ω–æ–≤–µ	42. –ì–∞–∑–µ—Ç–∞ –∏–ª–∏ –Ω–æ–≤–æ—Å—Ç–Ω–∞—è –ø–µ—Ä–µ–¥–∞—á–∞ –Ω–∞ –±–æ—Ç–ª–∏—Ö—Å–∫–æ–º	43. –ü–µ—Ä–µ–≤–æ–¥ –∏–ª–∏ —Å–æ–∑–¥–∞–Ω–∏–µ –∫–Ω–∏–≥, –º—É–ª—å—Ç–∏–∫–æ–≤, –∏ –¥—Ä—É–≥–æ–≥–æ —Ä–∞–∑–≤–ª–µ–∫–∞—Ç–µ–ª—å–Ω–æ–≥–æ –∫–æ–Ω—Ç–µ–Ω—Ç–∞ –Ω–∞ –±–æ—Ç–ª–∏—Ö—Å–∫–æ–º	44. –ö–∞–∫–∏–µ –∏–∑ –≤—ã—à–µ—É–ø–æ–º—è–Ω—É—Ç—ã—Ö –≤–µ—â–µ–π –≤–∞–º –∫–∞–∂—É—Ç—Å—è –Ω–∞–∏–±–æ–ª–µ–µ –ø–æ–ª–µ–∑–Ω—ã–º–∏ –¥–ª—è —Å–æ—Ö—Ä–∞–Ω–µ–Ω–∏—è –±–æ—Ç–ª–∏—Ö—Å–∫–æ–≥–æ —è–∑—ã–∫–∞?	45. –ö–∞–∫–∏–µ –º–∞—Ç–µ—Ä–∏–∞–ª—ã, —Ä–µ—Å—É—Ä—Å—ã –∏–ª–∏ –º–µ—Ä–æ–ø—Ä–∏—è—Ç–∏—è –ø–æ –±–æ—Ç–ª–∏—Ö—Å–∫–æ–º—É –≤—ã –±—ã —Ö–æ—Ç–µ–ª–∏ —É–≤–∏–¥–µ—Ç—å, –∫–æ—Ç–æ—Ä—ã—Ö —Å–µ–π—á–∞—Å –Ω–µ—Ç?	46. –ö—Ç–æ –¥–æ–ª–∂–µ–Ω —Å–æ—Å—Ç–∞–≤–∏—Ç—å —Ç–∞–∫–∏–µ –º–∞—Ç–µ—Ä–∏–∞–ª—ã –∫–∞–∫ —É—á–µ–±–Ω—ã–µ –ø–æ—Å–æ–±–∏—è, –∫—É—Ä—Å—ã —è–∑—ã–∫–∞, –∏ —Ç–∞–∫ –¥–∞–ª–µ–µ?	47. –ü–æ—á–µ–º—É —Å–æ—Ö—Ä–∞–Ω–µ–Ω–∏–µ –±–æ—Ç–ª–∏—Ö—Å–∫–æ–≥–æ —è–∑—ã–∫–∞ –≤–∞–º –∫–∞–∂–µ—Ç—Å—è –≤–∞–∂–Ω—ã–º –∏–ª–∏, –Ω–∞–æ–±–æ—Ä–æ—Ç, –Ω–µ–≤–∞–∂–Ω—ã–º?	importance	–û —á–µ–º –≤—ã –¥—É–º–∞–µ—Ç–µ, –∫–æ–≥–¥–∞ –¥—É–º–∞–µ—Ç–µ –æ —Å–≤–æ–µ–º —Ä–æ–¥–Ω–æ–º —è–∑—ã–∫–µ?	–ö–∞–∫–æ–µ –≤–∞—à–µ –ª—é–±–∏–º–æ–µ —Å–ª–æ–≤–æ –Ω–∞ –±–æ—Ç–ª–∏—Ö—Å–∫–æ–º —è–∑—ã–∫–µ?	–ï—Å—Ç—å –ª–∏ –≤–æ–ø—Ä–æ—Å—ã –∏–ª–∏ –∑–∞–º–µ—á–∞–Ω–∏—è –∫ –Ω–∞–º?	–°–æ–≥–ª–∞—Å–Ω—ã –ª–∏ –≤—ã, —á—Ç–æ –∑–∞ –≤–∞—à–µ —É—á–∞—Å—Ç–∏–µ –ø–µ—Ä–µ—á–∏—Å–ª–∏–º 100—Ä –≤ —Ñ–æ–Ω–¥ –ò–Ω—Å–∞–Ω?
9	5/23/2022 21:16:38	–ñ	f	36-45	36-45	–ë–æ—Ç–ª–∏—Ö	Botlikh	–ê—à–∏–Ω–æ	Ashino	–ë–æ—Ç–ª–∏—Ö–∫–∞	Botlikh	–ë—É—Ö–∞–ª—ä–∏	Botlikh	–ê–≤–∞—Ä–∫–∞	Avar	–î–∞–≥–µ—Å—Ç–∞–Ω–∫–∞	Dagestanian	–†–æ—Å—Å–∏—è–Ω–∫–∞	Russian	–ë—É–π—Ö–∞–ª—ä–∏ –º–∏—Ü1—Ü1–∏	Botlikh	–∞–≤–∞—Ä—Ü–∞–º–∏	Avar		–±–æ—Ç–ª–∏—Ö—Å–∫–∏–π	Botlikh		–æ—Ç–¥–µ–ª—å–Ω—ã–º —è–∑—ã–∫–æ–º	independent language		–æ—Ç–¥–µ–ª—å–Ω—ã–º —è–∑—ã–∫–æ–º	independent language		–¥–∏–∞–ª–µ–∫—Ç–æ–º	dialect	–ö –ë–æ—Ç–ª–∏—Ö—Å–∫–æ–º—É( –º–∏–∞—Ä—Å–æ, –ó–∏–±–∏—Ä—Ö—å–∞–ª–∏, –¢1–∞—Å—É—Ç1–∞, –ê–Ω—Å–∞–ª—Ç–∏–Ω—Å–∫–∏–π —Ç–æ–∂–µ ( —Å–º–æ—Ç—Ä—è –∫ –∫–∞–∫–æ–π —Å–µ–º—å–µ –æ—Ç–Ω–æ—Å–∏—à—å—Å—è))	–ë–æ—Ç–ª–∏—Ö—Å–∫–æ–º –∞–≤–∞—Ä—Å–∫–æ–º –∏ –Ω–∞ —Ä–∫—Å—Å–∫–æ–º —è–∑—ã–∫–µ	Botlikh, Russian, Avar	Botlikh	Avar	Russian	NA	—Å —Ä–æ–¥–∏—Ç–µ–ª—è–º–∏, —Å –¥—Ä—É–≥–∏–º–∏ —Ä–æ–¥—Å—Ç–≤–µ–Ω–Ω–∏–∫–∞–º–∏, —Å –¥–µ—Ç—å–º–∏, —Å –æ–¥–Ω–æ—Å–µ–ª—å—á–∞–Ω–∞–º–∏	parents	other relatives	children	fellow villagers	NA	NA	NA	–¥–∞		–¥–∞		–Ω–∞ —Ä—É—Å—Å–∫–æ–º	NA	NA	Russian	–ù—É –Ω–µ —Å—á–∏—Ç–∞—è –≤–∞—Ü–∞–ø	–Ω–∞ –±–æ—Ç–ª–∏—Ö—Å–∫–æ–º, –Ω–∞ –∞–≤–∞—Ä—Å–∫–æ–º, –Ω–∞ —Ä—É—Å—Å–∫–æ–º	Botlikh	Avar	Russian	–°–º–æ—Ç—Ä—è –∫—Ç–æ –ø—Ä–æ–¥—è–µ—Ç —Ç–æ–≤–∞—Ä . –ë—ã–≤–∞–µ—Ç –ø—Ä–∏–µ–∑–∂–∏–µ –ø—Ä–æ–¥–∞–≤—Ü—ã –Ω–µ –∞–≤–∞—Ä—Ü—ã —Å–Ω–∏–º–∏ –ø–æ —Ä—É—Å—Å–∫–æ–º—É...	–û—á–µ–Ω—å –ú–Ω–æ–≥–æ 	many	–Ø —É–≤–µ—Ä–µ–Ω–Ω–∞ —á—Ç–æ –Ω–∞ –≤—Å–µ—Ö –æ–∫—Ä—É–∂–∞—é—â–∏—Ö —è–∑—ã–∫–∞—Ö –±—É–¥—É—Ç –≥–æ–≤–æ—Ä–∏—Ç—å	multiple	–°–≤–æ–±–æ–¥–Ω–æ –≥–æ–≤–æ—Ä—é.	fluent		–î–∞	yes	–Ω–µ—Ç	no	5	5	–±–µ–∑ —Ä–∞–∑–Ω–∏—Ü—ã	neutral	5	3	5	1	4	5	5	5	5	5	5	4	4	3	3	4	1	4	3	4	2	3	1	1	–¥–æ–±—Ä–æ–≤–æ–ª—å–Ω—ã–µ –∫—É—Ä—Å—ã	–ù–µ –¥—É–º–∞–ª–∞ –æ–± —ç—Ç–æ–º 	–ü—Ä–æ—Ñ–µ—Å–∏–æ–Ω–∞–ª—ã —Å–æ —Å—Ç–∞—Ä–µ–π—à–∏–Ω–∞–º–∏	–ö–∞–∫ —Ç–æ –ø—Ä–∞–≤–∏–ª—å–Ω–æ –∑–Ω–∞—Ç—å –∏ –≥–æ–≤–æ—Ä–∏—Ç –Ω–∞ —Ä–æ–¥–Ω–æ–º —è–∑—ã–∫–µ. –° –ø—Ä–æ–≥—Ä–µ—Å—Å–æ–º —Ç–µ—Ö–Ω–æ–ª–æ–≥–∏–∏ –∏–Ω—Ç–µ—Ä–Ω–µ—Ç–∞ –∏ —Ç–≤, —Ä–æ–¥–Ω–æ–π —è–∑—ã–∫ —Å –ø–æ–¥–∏—É–º–∞ —Å–ª–∏–≤–∞—é—Ç	other	–ù–∏ –æ —á–µ–º	–î–∏–± —â–∏–∫–∏–±	–í—ã –ª—É—á—à–∏–µ‚ù§	–¥–∞
5	5/22/2022 11:21:00	–ú	m	56-65	56-65	–ë–æ—Ç–ª–∏—Ö, —É–ª. –ß–∏—Ä—Ç–∞	Botlikh	–≤ –ë–æ—Ç–ª–∏—Ö–µ	Botlikh	–ë—É–π–∏—Ö–∞–ª—ä–∏	Botlikh	–ë—É–π–∏—Ö–∞–ª—ä–∏	Botlikh	–ê–≤–∞—Ä–µ—Ü –∏–∑ –ë–æ—Ç–ª–∏—Ö–∞	Botlikh	–ê–≤–∞—Ä–µ—Ü	Avar	–ê–≤–∞—Ä–µ—Ü, froom Dagestan. Russia	Mixed	–ë—É–π–∏—Ö–∞–ª—ä–∏ –º–∏—ÜI—ÜI–∏	Botlikh	—Å—É–±—ç—Ç–Ω–æ—Å–æ–º –∞–≤–∞—Ä—Ü–µ–≤	Avar subethnos	–ê–≤–∞—Ä—Ü–∞–º–∏	–±–æ—Ç–ª–∏—Ö—Å–∫–∏–π	Botlikh	–ê–≤–∞—Ä—Å–∫–∏–π	–¥–∏–∞–ª–µ–∫—Ç–æ–º	dialect		–¥–∏–∞–ª–µ–∫—Ç–æ–º	dialect	–ë–æ—Ç–ª–∏—Ö—Å–∫–æ–º—É	–¥–∏–∞–ª–µ–∫—Ç–æ–º	dialect	–ê—à–∏–Ω–æ–≤—Ü—ã —Ä–∞–∑–≥–æ–≤–∞—Ä–∏–≤–∞—é—Ç –Ω–∞ –±–æ—Ç–ª–∏—Ö—Å–∫–æ–º —è–∑—ã–∫–µ	–ë–æ—Ç–ª–∏—Ö—Å–∫–æ–º	Botlikh	Botlikh	NA	NA	NA	—Å —Å—É–ø—Ä—É–≥–æ–π / —Å —Å—É–ø—Ä—É–≥–æ–º, —Å –¥—Ä—É–≥–∏–º–∏ —Ä–æ–¥—Å—Ç–≤–µ–Ω–Ω–∏–∫–∞–º–∏, —Å –¥–µ—Ç—å–º–∏, —Å —Å–æ—Å–µ–¥—è–º–∏, —Å –æ–¥–Ω–æ—Å–µ–ª—å—á–∞–Ω–∞–º–∏	NA	other relatives	children	fellow villagers	partner	NA	neighbors	–¥–∞	–û–¥–Ω–∏–º –∏–∑ —Ñ–∞–∫—Ç–æ—Ä–æ–≤ —Å–æ—Ö—Ä–∞–Ω–µ–Ω–∏—è –Ω–∞—Ü–∏–∏ —è–≤–ª—è–µ—Ç—Å—è –∑–Ω–∞–Ω–∏–µ —Ä–æ–¥–Ω–æ–≥–æ —è–∑—ã–∫–∞. –ï—Å–ª–∏ —É–º—Ä–µ—Ç —è–∑—ã–∫, —Ç–æ –Ω–∞—Ü–∏—è —Ä–∞—Å—Å—Ç–≤–æ—Ä–∏—Ç—Å—è –≤ –¥—Ä—É–≥–∏—Ö –Ω–∞—Ü–∏–æ–Ω–∞–ª—å–Ω–æ—Å—Ç—è—Ö	–¥–∞	–î–µ—Ç–∏ –¥–æ–ª–∂–Ω—ã —Å—Ç–∞—Ç—å –Ω–æ—Å–∏—Ç–µ–ª—è–º–∏ –∫—É–ª—å—Ç—É—Ä—ã, –æ–±—ã—á–∞–µ–≤, —è–∑—ã–∫–∞ –ø—Ä–µ–¥–∫–æ–≤	–Ω–∞ —Ä—É—Å—Å–∫–æ–º	NA	NA	Russian	–£–¥–æ–±—Å—Ç–≤–æ–º	–Ω–∞ –±–æ—Ç–ª–∏—Ö—Å–∫–æ–º, –Ω–∞ –∞–≤–∞—Ä—Å–∫–æ–º, –Ω–∞ —Ä—É—Å—Å–∫–æ–º	Botlikh	Avar	Russian	–°–º–æ—Ç—Ä—è —Å –∫–µ–º —Ä–∞–∑–≥–æ–≤–∞—Ä–∏–≤–∞—Ç—å. –° –±–æ—Ç–ª–∏—Ö—Ü–µ–º, —Å –∞–≤–∞—Ä—Ü–µ–º, —Å —Ä—É—Å—Å–∫–∏–º	–ø–æ-–º–æ–µ–º—É –Ω–µ—Ç	not many	–¥–æ–ª–∂–Ω—ã –∑–Ω–∞—Ç—å –æ–±–∞ —è–∑—ã–∫–∞	multiple	–°–≤–æ–±–æ–¥–Ω–æ –≥–æ–≤–æ—Ä—é.	fluent		–î–∞	yes	–Ω–µ—Ç	no	1	1	–Ω–µ—Ç	no	5	3	5	1	5	5	5	5	5	5	5	3	3	3	3	5	4	5	5	5	4	5	4	4	–ø–∏—Å—å–º–µ–Ω–Ω–æ—Å—Ç—å, —É—á–µ–±–Ω—ã–µ –º–∞—Ç–µ—Ä–∏–∞–ª—ã, –¥–æ–±—Ä–æ–≤–æ–ª—å–Ω—ã–µ –∫—É—Ä—Å—ã, –°–ú–ò, —Ä–∞–∑–≤–ª–µ–∫–∞—Ç–µ–ª—å–Ω—ã–π –∫–æ–Ω—Ç–µ–Ω—Ç	–ó–∞—Ç—Ä—É–¥–Ω—è—é—Å—å –æ—Ç–≤–µ—Ç–∏—Ç—å	–∑–∞—Ç—Ä—É–¥–Ω—è—é—Å—å –æ—Ç–≤–µ—Ç–∏—Ç—å	–±–µ–∑ —è–∑—ã–∫–∞ –Ω–µ—Ç –Ω–∞—Ä–æ–¥–∞	nation	–ß—Ç–æ —è–∑—ã–∫ –Ω–µ –¥–æ–ª–∂–µ–Ω –ø–æ–≥–∏–±–Ω—É—Ç–±	–ù–µ –º–æ–≥—É –≤—ã–¥–µ–ª–∏—Ç—å –∫–∞–∫–æ–µ-—Ç–æ –æ–¥–Ω–æ –æ—Ç–¥–µ–ª—å–Ω–æ –≤–∑—è—Ç–æ–µ —Å–ª–æ–≤–æ	—Ö–æ—Ç–µ–ª–æ—Å—å –±—ã —á—Ç–æ–±—ã –ø–æ—á–∞—â–µ –ø—Ä–æ–≤–æ–¥–∏–ª–∏—Å—å –ø–æ–¥–æ–±–Ω—ã–µ –æ–ø—Ä–æ—Å—ã –∏ –ø–æ—á–∞—â–µ –ø—É–±–ª–∏–∫–æ–≤–∞–ª–∏ –ø—É–±–ª–∏–∫–∞—Ü–∏–∏ –≤ —Å–æ—Ü—Å–µ—Ç—è—Ö	–¥–∞
12	5/25/2022 12:00:08	–ñ	f	36-45	36-45	–ú–∞—Ö–∞—á–∫–∞–ª–∞ 	Makhachkala	–ú–∞—Ö–∞—á–∫–∞–ª–∞ 	Makhachkala	–ê–≤–∞—Ä–∫–∞	Avar	–ú–∞–≥1–∞—Ä—É–ª–∞–π	Avar	–ê–≤–∞—Ä–∫–∞	Avar	–î–∞–≥–µ—Å—Ç–∞–Ω–∫–∞)	Dagestanian	–†–æ—Å—Å–∏—è–Ω–∫–∞	Russian	–ë—É–π–∏—Ö–∞–ª—ä–∏ 	Botlikh	—Å—É–±—ç—Ç–Ω–æ—Å–æ–º –∞–≤–∞—Ä—Ü–µ–≤	Avar subethnos		–±–æ—Ç–ª–∏—Ö—Å–∫–∏–π	Botlikh		–æ—Ç–¥–µ–ª—å–Ω—ã–º —è–∑—ã–∫–æ–º	independent language		–¥–∏–∞–ª–µ–∫—Ç–æ–º	dialect	–ö –±–æ—Ç–ª–∏—Ö—Å–∫–æ–º—É.	–¥–∏–∞–ª–µ–∫—Ç–æ–º	dialect	–ö –±–æ—Ç–ª–∏—Ö—Å–∫–æ–º—É 	–ê–≤–∞—Ä—Å–∫–∏–π,–±–æ—Ç–ª–∏—Ö—Å–∫–∏–π	Botlikh, Avar	Botlikh	Avar	NA	NA	—Å —Ä–æ–¥–∏—Ç–µ–ª—è–º–∏, —Å –æ–¥–Ω–æ—Å–µ–ª—å—á–∞–Ω–∞–º–∏	parents	NA	NA	fellow villagers	NA	NA	NA	–¥–∞	–í—Å–µ –¥–æ–ª–∂–Ω—ã –∑–Ω–∞—Ç—å —Å–≤–æ–∏ –∫–æ—Ä–Ω–∏ –≤ –¢–ß –∏ —è–∑—ã–∫.	–¥–∞		–Ω–∞ —Ä—É—Å—Å–∫–æ–º	NA	NA	Russian	–†–∞–∑–Ω–æ—è–∑—ã—á–Ω–æ—Å—Ç—å,—Ä—É—Å—Å–∫–∏–π –∫–∞–∫ –æ–±—â–∏–π	–Ω–∞ –±–æ—Ç–ª–∏—Ö—Å–∫–æ–º, –Ω–∞ –∞–≤–∞—Ä—Å–∫–æ–º	Botlikh	Avar	NA	–û—Ç–∫—É–¥–∞ —á–µ–ª–æ–≤–µ–∫	–ù–µ—Ç	not many	–ê–≤–∞—Ä—Å–∫–∏–π	lingua franca	–°–≤–æ–±–æ–¥–Ω–æ –≥–æ–≤–æ—Ä—é.	fluent		–î–∞	yes	–Ω–µ—Ç	no	3	3	–Ω–µ—Ç	no	5	2	5	1	5	5	5	5	5	5	5	1	1	3	3	3	5	3	3	5	3	5	2	5	–¥–æ–±—Ä–æ–≤–æ–ª—å–Ω—ã–µ –∫—É—Ä—Å—ã, —Ä–∞–∑–≤–ª–µ–∫–∞—Ç–µ–ª—å–Ω—ã–π –∫–æ–Ω—Ç–µ–Ω—Ç	–û–±—ã—á–∞–∏,–∞–¥–∞—Ç—ã ,–ø–æ—Å—Ç–∞–Ω–æ–≤–∫–∏ —Ç–µ–∞—Ç—Ä–∞–ª—å–Ω—ã–µ	–ù–æ—Å–∏—Ç–µ–ª–∏ —è–∑—ã–∫–∞, —Å—Ç–∞—Ä—à–µ–µ –ø–æ–∫–æ–ª–µ–Ω–∏–µ ,–æ–±—Ä–∞–∑–æ–≤–∞–Ω–Ω—ã–µ –≤ —ç—Ç–æ–π –æ–±–ª–∞—Å—Ç–∏	–ö–∞–∂–¥—ã–π –¥–æ–ª–∂–µ–Ω –∑–Ω–∞—Ç—å —Å–≤–æ–∏ –∫–æ—Ä–Ω–∏,–ø–æ—Ç–µ—Ä—è —è–∑—ã–∫–∞ –ø–æ—Ç–µ—Ä—è –∫–æ—Ä–Ω–µ–π	roots	–û –¥–µ—Ç—Å—Ç–≤–µ,–æ –±–∞–±—É—à–∫–∞—Ö –∏ –¥–µ–¥—É—à–∫–∞—Ö)	–ß1–∞–º—á1–∞–¥–∞)	–£–¥–∞—á–∏ –≤–∞–º	–¥–∞
2	5/20/2022 12:41:32	–ñ	f	36-45	36-45	–ú–æ—Å–∫–≤–µ 	Moscow	–ë–æ—Ç–ª–∏—Ö, —Å—Ç–∞—Ä–∞—è —á–∞—Å—Ç—å. 	Botlikh	–ê–≤–∞—Ä–∫–∞ 	Avar	–ë—É–π–∏—Ö–∞–ª—ä–∏. 	Botlikh	–ò–∑ –ë–æ—Ç–ª–∏—Ö–∞ 	Botlikh	–ò–∑ –î–∞–≥–µ—Å—Ç–∞–Ω–∞, –∞–≤–∞—Ä–∫–∞, –†–æ–¥–æ–º –∏–∑ –ë–æ—Ç–ª–∏—Ö—Å–∫–æ–≥–æ —Ä–∞–π–æ–Ω–∞	Mixed	–ò–∑ –†–æ—Å—Å–∏–∏ 	Russian	–ë—É–π–∏—Ö–∞–ª—ä–∏. 	Botlikh	–∞–≤–∞—Ä—Ü–∞–º–∏	Avar		–±–æ—Ç–ª–∏—Ö—Å–∫–∏–π	Botlikh		–æ—Ç–¥–µ–ª—å–Ω—ã–º —è–∑—ã–∫–æ–º	independent language		–¥–∏–∞–ª–µ–∫—Ç–æ–º	dialect	–ë–æ—Ç–ª–∏—Ö—Å–∫–æ–º—É. 	–¥–∏–∞–ª–µ–∫—Ç–æ–º	dialect	–ë–æ—Ç–ª–∏—Ö—Å–∫–æ–º—É	–ë–æ—Ç–ª–∏—Ö—Å–∫–∏–π, —Ä—É—Å—Å–∫–∏–π	Botlikh, Russian	Botlikh	NA	Russian	NA	—Å —Ä–æ–¥–∏—Ç–µ–ª—è–º–∏, —Å –¥–µ–¥—É—à–∫–æ–π –∏ –±–∞–±—É—à–∫–æ–π / —Å–æ —Å—Ç–∞—Ä—à–∏–º–∏, —Å –¥—Ä—É–≥–∏–º–∏ —Ä–æ–¥—Å—Ç–≤–µ–Ω–Ω–∏–∫–∞–º–∏, —Å –¥–µ—Ç—å–º–∏	parents	other relatives	children	NA	NA	elderly	NA	–¥–∞	–ö—Ç–æ —Ç—ã? –ï—Å–ª–∏ –Ω–µ –∑–Ω–∞–µ—à—å —Å–≤–æ–π —è–∑—ã–∫ –∏ –æ—Ç–∫—É–¥–∞ —Ç—ã —Ä–æ–¥–æ–º. 	–¥–∞	–Ø–∑—ã–∫ –æ—á–µ–Ω—å –∫—Ä–∞—Å–∏–≤—ã–π. –£–¥–æ–±–Ω–æ –∑–Ω–∞—Ç—å —Ç–æ—Ç —è–∑—ã–∫ –∫–æ—Ç–æ—Ä—ã–µ –Ω–µ –≤—Å–µ –∑–Ω–∞—é—Ç. 	–Ω–∞ –±–æ—Ç–ª–∏—Ö—Å–∫–æ–º, –Ω–∞ —Ä—É—Å—Å–∫–æ–º	Botlikh	NA	Russian	–û—Ç —Å–æ–±–µ—Å–µ–¥–Ω–∏–∫–∞  	–Ω–∞ –±–æ—Ç–ª–∏—Ö—Å–∫–æ–º, –Ω–∞ –∞–≤–∞—Ä—Å–∫–æ–º	Botlikh	Avar	NA	–° –±–æ—Ç–ª–∏—Ö—Å–∫–∏–º–∏ –Ω–∞ –±–æ—Ç–ª–∏—Ö—Å–∫–æ–º, –∞ –≤—Å–µ –æ—Å—Ç–∞–ª—å–Ω—ã–µ –Ω–∞ –∞–≤–∞—Ä—Å–∫–æ–º. 	–î–∞. 	many	–Ø –∑–Ω–∞—é –º–Ω–æ–≥–æ —Å–ª—É—á–∞–µ–≤ –∫–æ–≥–¥–∞ –≥–æ–≤–æ—Ä—è—Ç –Ω–∞ –ë–æ—Ç–ª–∏—Ö—Å–∫–æ–º. –û–Ω –æ—á–µ–Ω—å –ª–µ–≥–∫–∏–π –≤ –∏–∑—É—á–µ–Ω–∏–∏. 	local	–°–≤–æ–±–æ–¥–Ω–æ –≥–æ–≤–æ—Ä—é.	fluent	8 –∏–∑ 10	–î–∞. 	yes	–¥–∞	yes	5	5	–Ω–µ—Ç	no	5	1	5	1	5	5	5	5	5	5	5	4	4	5	5	5	1	4	5	4	4	5	5	5	—É—á–µ–±–Ω—ã–µ –º–∞—Ç–µ—Ä–∏–∞–ª—ã, –¥–æ–±—Ä–æ–≤–æ–ª—å–Ω—ã–µ –∫—É—Ä—Å—ã, –°–ú–ò	–¢–µ–∞—Ç—Ä—ã, –ø—Ä–∞–∑–¥–Ω–∏–∫–∏ –æ–±—ã—á–∞–∏.  	–õ—é–¥–∏ –∑–∞–∏–Ω—Ç–µ—Ä–µ—Å–æ–≤–∞–Ω–Ω—ã–µ –≤ —Ä–∞–∑–≤–∏—Ç–∏–∏ –∏ –∑–Ω–∞—é—â–∏–µ –ª—é–¥–∏. ( –∑–∞–∏–Ω—Ç–µ—Ä–µ—Å–æ–≤–∞–Ω–Ω—ã–µ-—á—Ç–æ –±—ã —ç—Ç–æ –±—ã–ª–æ –∏–Ω—Ç–µ—Ä–µ—Å–Ω–æ, –∞ –Ω–µ –∏–∑ –ø–æ–¥ —É–∫–∞–∑–∫–∏.) 	–≠—Ç–æ –∫—É—Å–æ—á–µ–∫ –º–æ–µ–≥–æ —è. 		–ú–Ω–µ –æ—á–µ–Ω—å —Ç–µ–ø–ª–æ –Ω–∞ –¥—É—à–µ. 	–•–∞–∑–∏–Ω–∞  –∫–æ–≥–¥–∞ –ø—Ä–∏–º–µ–Ω—è–µ—à—å –µ–≥–æ –æ—Ç–Ω–æ—Å–∏—Ç–µ–ª—å–Ω–æ –ª—é–±–∏–º–æ–≥–æ —á–µ–ª–æ–≤–µ–∫–∞ –∏–ª–∏ —Ä–µ–±—ë–Ω–∫–∞. 	–¢–æ–ª—å–∫–æ –±–ª–∞–≥–æ–¥–∞—Ä–Ω–æ—Å—Ç—å. –ü–æ—Ç–æ–º—É —á—Ç–æ –∑–∞—Å—Ç–∞–≤–ª—è–µ—Ç–µ –∑–∞–¥—É–º–∞—Ç—å—Å—è. 	–¥–∞
8	5/23/2022 17:39:12	–ñ	f	36-45	36-45	–•–∞—Å–∞–≤—é—Ä—Ç	Khasavyurt	–ë–æ—Ç–ª–∏—Ö 	Botlikh	–ê–≤–∞—Ä–∫–∞	Avar	–ë—É–π—Ö–∞–ª—ä–∏	Botlikh	–ê–≤–∞—Ä–∫–∞	Avar	–¢–∞–∫ –∂–µ	Avar	–ê–≤–∞—Ä–∫–∞ —Å –ë–æ—Ç–ª–∏—Ö–∞	Mixed	–ë—É–π—Ö–∞–ª—ä–∏	Botlikh	–∞–≤–∞—Ä—Ü–∞–º–∏	Avar		–±–æ—Ç–ª–∏—Ö—Å–∫–∏–π	Botlikh		–æ—Ç–¥–µ–ª—å–Ω—ã–º —è–∑—ã–∫–æ–º	independent language		–¥–∏–∞–ª–µ–∫—Ç–æ–º	dialect	–ë–æ—Ç–ª–∏—Ö—Å–∫–æ–º—É	–¥–∏–∞–ª–µ–∫—Ç–æ–º	dialect	–ë–æ—Ç–ª–∏—Ö—Å–∫–æ–º—É	–ù–∞ —Ä–∞–∑–Ω—ã—Ö —è–∑—ã–∫–∞—Ö	different languages	NA	NA	NA	NA	—Å –¥–µ—Ç—å–º–∏	NA	NA	children	NA	NA	NA	NA	–¥–∞		–¥–∞	–ü–æ—Ç–æ–º—É —á—Ç–æ –¥–µ—Ç–∏ –¥–æ–ª–∂–Ω—ã –∑–Ω–∞—Ç—å —Å–≤–æ–π —Ä–æ–¥–Ω–æ–π —è–∑—ã–∫	–Ω–∞ —Ä—É—Å—Å–∫–æ–º	NA	NA	Russian	–û—Ç –æ–±—â–µ–≥–æ —è–∑—ã–∫–∞ –æ–±—â–µ–Ω–∏—è	–Ω–∞ –∞–≤–∞—Ä—Å–∫–æ–º	NA	Avar	NA	–°–æ–±–µ—Å–µ–¥–Ω–∏–∫	–î–∞	many	–ù–∞ —Ä–∞–∑–Ω—ã—Ö	multiple	–°–≤–æ–±–æ–¥–Ω–æ –≥–æ–≤–æ—Ä—é.	fluent		–î–∞	yes	–Ω–µ—Ç	no	5	5	–Ω–µ—Ç	no	5	5	5	1	5	5	5	5	5	5	5	5	5	5	5	5	5	2	3	4	2	4	3	2	–¥–æ–±—Ä–æ–≤–æ–ª—å–Ω—ã–µ –∫—É—Ä—Å—ã, —Ä–∞–∑–≤–ª–µ–∫–∞—Ç–µ–ª—å–Ω—ã–π –∫–æ–Ω—Ç–µ–Ω—Ç	–õ–µ–∫—Ü–∏–∏	–£—á–∏—Ç–µ–ª—å –∫–æ—Ç–æ—Ä—ã–π —Ö–æ—Ä–æ—à–æ –∑–Ω–∞–µ—Ç —è–∑—ã–∫	–í–∞–∂–Ω–æ,—á—Ç–æ–± –Ω–µ –ø–æ—Ç–µ—Ä—è—Ç—å —Å–≤–æ—é –Ω–∞—Ü–∏–æ–Ω–∞–ª—å–Ω–æ—Å—Ç—å 	nation				–¥–∞
6	5/23/2022 9:08:01	–ú	m	26-35	26-35	–ë–æ—Ç–ª–∏—Ö	Botlikh	–ú–∞—Ö–∞—á–∫–∞–ª–∞ 	Makhachkala	–ê–≤–∞—Ä–µ—Ü	Avar	–ê–≤–∞—Ä–µ—Ü	Avar	–ê–≤–∞—Ä—Ü	Avar	–ê–≤–∞—Ä–µ—Ü	Avar	–ê–≤–∞—Ä–µ—Ü	Avar	–ë—É–π–∏—Ö–∞–ª—ä–∏ –º–∏—Ü1—Ü1–∏	Botlikh	—Å—É–±—ç—Ç–Ω–æ—Å–æ–º –∞–≤–∞—Ä—Ü–µ–≤	Avar subethnos		–±–æ—Ç–ª–∏—Ö—Å–∫–∏–π	Botlikh		–æ—Ç–¥–µ–ª—å–Ω—ã–º —è–∑—ã–∫–æ–º	independent language		–¥–∏–∞–ª–µ–∫—Ç–æ–º	dialect	–ë–æ—Ç–ª–∏—Ö—Å–∫–æ–º—É	–¥–∏–∞–ª–µ–∫—Ç–æ–º	dialect	–ë–æ—Ç–ª–∏—Ö—Å–∫–æ–º—É	–†—É—Å—Å–∫–∏–π, –∞–≤–∞—Ä—Å–∫–∏–π, –±–æ—Ç–ª–∏—Ö—Å–∫–∏–π	Botlikh, Russian, Avar	Botlikh	Avar	Russian	NA	—Å —Ä–æ–¥–∏—Ç–µ–ª—è–º–∏, —Å –¥–µ–¥—É—à–∫–æ–π –∏ –±–∞–±—É—à–∫–æ–π / —Å–æ —Å—Ç–∞—Ä—à–∏–º–∏, —Å –¥—Ä—É–≥–∏–º–∏ —Ä–æ–¥—Å—Ç–≤–µ–Ω–Ω–∏–∫–∞–º–∏, —Å –¥–µ—Ç—å–º–∏, —Å —Å–æ—Å–µ–¥—è–º–∏, —Å –æ–¥–Ω–æ—Å–µ–ª—å—á–∞–Ω–∞–º–∏	parents	other relatives	children	fellow villagers	NA	elderly	neighbors	–¥–∞	–ù–µ–ª—å–∑—è –∑–∞–±—ã–≤–∞—Ç—å —Å–≤–æ–∏ –∫–æ—Ä–Ω–∏!!	–¥–∞		–Ω–∞ —Ä—É—Å—Å–∫–æ–º	NA	NA	Russian	–û—Ç –Ω–µ–∫–æ—Ç–æ—Ä–æ–π –∑–∞–∫–æ–Ω–æ–º–µ—Ä–Ω–æ—Å—Ç–∏ 	–Ω–∞ –±–æ—Ç–ª–∏—Ö—Å–∫–æ–º, –Ω–∞ –∞–≤–∞—Ä—Å–∫–æ–º, –Ω–∞ —Ä—É—Å—Å–∫–æ–º	Botlikh	Avar	Russian	–ù–∞—Ü–∏–æ–Ω–∞–ª–∏—Å—Ç–µ —Å–æ–±–µ—Å–µ–¥–Ω–∏–∫–∞	–î–∞	many	–ù–∞ –Ω–µ—Å–∫–æ–ª—å–∫–∏—Ö. –Ø —Å–∞–º –∏–∑ —Ç–∞–∫–æ–π —Å–µ–º—å–∏. 	multiple	–°–≤–æ–±–æ–¥–Ω–æ –≥–æ–≤–æ—Ä—é.	fluent		–î–∞	yes	–Ω–µ—Ç	no	1	1	–¥–∞	yes	5	5	5	1	5	5	5	5	5	5	5	3	3	3	3	5	5	5	5	5	5	5	5	5	–ø–∏—Å—å–º–µ–Ω–Ω–æ—Å—Ç—å, —É—á–µ–±–Ω—ã–µ –º–∞—Ç–µ—Ä–∏–∞–ª—ã, –æ–±—è–∑–∞—Ç–µ–ª—å–Ω—ã–µ —É—Ä–æ–∫–∏, –¥–æ–±—Ä–æ–≤–æ–ª—å–Ω—ã–µ –∫—É—Ä—Å—ã, –°–ú–ò, —Ä–∞–∑–≤–ª–µ–∫–∞—Ç–µ–ª—å–Ω—ã–π –∫–æ–Ω—Ç–µ–Ω—Ç	–°–ª–æ–≤–∞—Ä—å –±–æ—Ç–ª–∏—Ö—Å–∫–æ–≥–æ —è–∑—ã–∫–∞ –≤ –æ–±—â–µ–º –¥–æ—Å—Ç—É–ø–µ. 	–ê–¥–µ–∫–≤–∞—Ç–Ω—ã–µ –ª—é–¥–∏, —É–≤–∞–∂–∞—é—â–∏–µ —Å–≤–æ—é –∏—Å—Ç–æ—Ä–∏—é. 	–ü–æ–∫–∞ –º—ã –∑–Ω–∞–µ–º —è–∑—ã–∫, –Ω–∞—à–∞ –∏—Å—Ç–æ—Ä–∏—è –Ω–µ –∑–∞–±—É–¥–µ—Ç—Å—è. –ù–µ—Ç —è–∑—ã–∫–∞, –Ω–µ—Ç –Ω–∞—Ü–∏–∏. 	nation	–ì–æ—Ä–¥–æ—Å—Ç—å –∑–∞ —Å–≤–æ—ë –ø—Ä–æ–∏—Å—Ö–æ–∂–¥–µ–Ω–∏–µ.	–ë–∞–±—É	–°–ª–∏—à–∫–æ–º –Ω–∞–≤–æ–¥—è—â–∏–µ –≤–æ–ø—Ä–æ—Å—ã. –ù–æ –≤—Å–µ –∫ –º–µ—Å—Ç—É. 	–Ω–µ—Ç
10	5/24/2022 21:42:31	–ñ	f	56-65	56-65	–ë–æ—Ç–ª–∏—Ö (–º–∏–∫—Ä–æ—Ä–∞–π–æ–Ω) 	Botlikh	–ë–æ—Ç–ª–∏—Ö (—Å—Ç–∞—Ä–æ–µ —Å–µ–ª–æ) 	Botlikh	–ë—É–π—Ö–∞–ª—ä–∏	Botlikh	–ë—É–π—Ö–∞–ª—ä–∏	Botlikh	–ë–æ—Ç–ª–∏—Ö—Å–∫–∞—è	Botlikh	–î–∞–≥–µ—Å—Ç–∞–Ω–∫–∞	Dagestanian	–î–∞–≥–µ—Å—Ç–∞–Ω–∫–∞	Dagestanian	–ë—É–π—Ö–∞–ª—ä–∏ –º–∏—Ü1–∏	Botlikh	–æ—Ç–¥–µ–ª—å–Ω—ã–º –Ω–∞—Ä–æ–¥–æ–º	separate ethnos		–±–æ—Ç–ª–∏—Ö—Å–∫–∏–π	Botlikh		–æ—Ç–¥–µ–ª—å–Ω—ã–º —è–∑—ã–∫–æ–º	independent language		–¥–∏–∞–ª–µ–∫—Ç–æ–º	dialect	–ë–æ—Ç–ª–∏—Ö—Å–∫–æ–º—É	–¥–∏–∞–ª–µ–∫—Ç–æ–º	dialect	–ë–æ—Ç–ª–∏—Ö—Å–∫–æ–º—É	–ë–æ—Ç–ª–∏—Ö—Å–∫–æ–º, —Ä–∏–∫–≤–∞–Ω–∏–Ω—Å–∫–æ–º, –∞–≤–∞—Ä—Å–∫–æ–º	Botlikh, Avar, Andi (Rikvani)	Botlikh	Avar	NA	Andi	—Å —Ä–æ–¥–∏—Ç–µ–ª—è–º–∏, —Å –¥–µ–¥—É—à–∫–æ–π –∏ –±–∞–±—É—à–∫–æ–π / —Å–æ —Å—Ç–∞—Ä—à–∏–º–∏, —Å –¥—Ä—É–≥–∏–º–∏ —Ä–æ–¥—Å—Ç–≤–µ–Ω–Ω–∏–∫–∞–º–∏, —Å –¥–µ—Ç—å–º–∏, —Å —Å–æ—Å–µ–¥—è–º–∏, —Å –æ–¥–Ω–æ—Å–µ–ª—å—á–∞–Ω–∞–º–∏	parents	other relatives	children	fellow villagers	NA	elderly	neighbors	–¥–∞		–¥–∞		–Ω–∞ –±–æ—Ç–ª–∏—Ö—Å–∫–æ–º, –Ω–∞ –∞–≤–∞—Ä—Å–∫–æ–º, –Ω–∞ —Ä—É—Å—Å–∫–æ–º	Botlikh	Avar	Russian	–û—Ç —Å–æ–±–µ—Å–µ–¥–Ω–∏–∫–∞ 	–Ω–∞ –±–æ—Ç–ª–∏—Ö—Å–∫–æ–º, –Ω–∞ –∞–≤–∞—Ä—Å–∫–æ–º	Botlikh	Avar	NA	–°–æ–±–µ—Å–µ–¥–Ω–∏–∫	–°–µ–π—á–∞—Å —É–∂–µ –º–Ω–æ–≥–æ, —Ä–∞–Ω—å—à–µ –±—ã–ª–∏ –µ–¥–∏–Ω–∏—Ü—ã	many	–Ø —Å –¥–µ—Ç—å–º–∏ —Ä–∞–∑–≥–æ–≤–∞—Ä–∏–≤–∞—é –Ω–∞ –±–æ—Ç–ª–∏—Ö—Å–∫–æ–º —è–∑—ã–∫–µ, –º—É–∂ —Å –¥–µ—Ç—å–º–∏ –Ω–∞ —Ä–∏–∫–≤–∞–Ω–∏–Ω—Å–∫–æ–º, –∞ —è —Å –º—É–∂–µ–º –Ω–∞ –∞–≤–∞—Ä—Å–∫–æ–º	multiple	–°–≤–æ–±–æ–¥–Ω–æ –≥–æ–≤–æ—Ä—é.	fluent		–î–∞	yes	–¥–∞	yes	1	1	–¥–∞	yes	5	3	5	1	5	3	3	5	5	5	5	5	5	3	3	5	5	5	5	5	5	5	5	5	–ø–∏—Å—å–º–µ–Ω–Ω–æ—Å—Ç—å, —É—á–µ–±–Ω—ã–µ –º–∞—Ç–µ—Ä–∏–∞–ª—ã, –æ–±—è–∑–∞—Ç–µ–ª—å–Ω—ã–µ —É—Ä–æ–∫–∏, –°–ú–ò, —Ä–∞–∑–≤–ª–µ–∫–∞—Ç–µ–ª—å–Ω—ã–π –∫–æ–Ω—Ç–µ–Ω—Ç	–ö–Ω–∏–≥–∏, —É—á–µ–±–Ω–∏–∫–∏, –º—É–ª—å—Ç–∏–∫–∏.. 	–í–∑—Ä–æ—Å–ª–æ–µ –ø–æ–∫–æ–ª–µ–Ω–∏–µ	–ß—Ç–æ–±—ã –Ω–µ –∏–∑—á–µ–∑–ª–∏ –ë–æ—Ç–ª–∏—Ö—Ü—ã- –∫–∞–∫ —ç—Ç–Ω–∏—á–µ—Å–∫–∞—è –≥—Ä—É–ø–ø–∞	nation	–û –¥–µ—Ç—Å—Ç–≤–µ, –∫–æ–≥–¥–∞ –≤—Å–µ —Ä–∞–∑–≥–æ–≤–∞—Ä–∏–≤–∞–ª–∏ –Ω–∞ –±–æ—Ç–ª–∏—Ö—Å–∫–æ–º —è–∑—ã–∫–µ. –î–∞–∂–µ –∞–≤–∞—Ä—Ü—ã –∫–æ—Ç–æ—Ä—ã–µ –∂–∏–ª–∏ –≤ –ë–æ—Ç–ª–∏—Ö–µ —Ä–∞–∑–≥–æ–≤–∞—Ä–∏–≤–∞–ª–∏ –Ω–∞ –±–æ—Ç–ª–∏—Ö—Å–∫–æ–º —è–∑—ã–∫–µ. 	–ë–∞–±—É	–ù–µ—Ç 	–¥–∞
13	6/1/2022 11:35:07	–ñ	f	26-35	26-35	–ë–æ—Ç–ª–∏—Ö	Botlikh	–ë–æ—Ç–ª–∏—Ö	Botlikh	–ë–æ—Ç–ª–∏—Ö–∏–Ω–∫–∞	Botlikh	–ë–æ—Ç–ª–∏—Ö—Å–∫–∞—è	Botlikh	–ë–æ—Ç–ª–∏—Ö—Å–∫–∞—è	Botlikh	–ë–æ—Ç–ª–∏—Ö—Å–∫–∞—è	Botlikh	–ë–æ—Ç–ª–∏—Ö—Å–∫–∞—è	Botlikh	–ë—É–π—Ö–∞–ª—ä–∏ –º–∏—Ü1–∏	Botlikh	–æ—Ç–¥–µ–ª—å–Ω—ã–º –Ω–∞—Ä–æ–¥–æ–º	separate ethnos		–±–æ—Ç–ª–∏—Ö—Å–∫–∏–π	Botlikh		–æ—Ç–¥–µ–ª—å–Ω—ã–º —è–∑—ã–∫–æ–º	independent language		–æ—Ç–¥–µ–ª—å–Ω—ã–º —è–∑—ã–∫–æ–º	independent language		–¥–∏–∞–ª–µ–∫—Ç–æ–º	dialect		–ë–æ—Ç–ª–∏—Ö—Å–∫–∏–π	Botlikh	Botlikh	NA	NA	NA	—Å —Ä–æ–¥–∏—Ç–µ–ª—è–º–∏, —Å –¥–µ–¥—É—à–∫–æ–π –∏ –±–∞–±—É—à–∫–æ–π / —Å–æ —Å—Ç–∞—Ä—à–∏–º–∏, —Å —Å—É–ø—Ä—É–≥–æ–π / —Å —Å—É–ø—Ä—É–≥–æ–º, —Å –¥—Ä—É–≥–∏–º–∏ —Ä–æ–¥—Å—Ç–≤–µ–Ω–Ω–∏–∫–∞–º–∏, —Å –¥–µ—Ç—å–º–∏, —Å —Å–æ—Å–µ–¥—è–º–∏, —Å –æ–¥–Ω–æ—Å–µ–ª—å—á–∞–Ω–∞–º–∏	parents	other relatives	children	fellow villagers	partner	elderly	neighbors	–¥–∞		–¥–∞		–Ω–∞ –±–æ—Ç–ª–∏—Ö—Å–∫–æ–º, –Ω–∞ —Ä—É—Å—Å–∫–æ–º	Botlikh	NA	Russian	–û—Ç –Ω–æ—Å–∏—Ç–µ–ª—è —è–∑—ã–∫–∞	–Ω–∞ –±–æ—Ç–ª–∏—Ö—Å–∫–æ–º, –Ω–∞ –∞–≤–∞—Ä—Å–∫–æ–º	Botlikh	Avar	NA	–û—Ç –Ω–æ—Å–∏—Ç–µ–ª—è —è–∑—ã–∫–∞	–î–∞	many	–ù–∞ —Ä—É—Å—Å–∫–æ–º, –∞–≤–∞—Ä—Å–∫–æ–º –∏–ª–∏ —ç—Ç–æ –∑–∞–≤–∏—Å–∏—Ç –æ—Ç –æ—Ç—Ü–∞	paternal	–°–≤–æ–±–æ–¥–Ω–æ –≥–æ–≤–æ—Ä—é.	fluent		–î–∞	yes	–¥–∞	yes	1	1	–¥–∞	yes	5	1	5	2	5	3	3	5	5	5	5	5	5	5	5	5	5	5	5	5	5	5	5	5	—É—á–µ–±–Ω—ã–µ –º–∞—Ç–µ—Ä–∏–∞–ª—ã, –æ–±—è–∑–∞—Ç–µ–ª—å–Ω—ã–µ —É—Ä–æ–∫–∏, –¥–æ–±—Ä–æ–≤–æ–ª—å–Ω—ã–µ –∫—É—Ä—Å—ã, –°–ú–ò, —Ä–∞–∑–≤–ª–µ–∫–∞—Ç–µ–ª—å–Ω—ã–π –∫–æ–Ω—Ç–µ–Ω—Ç	–ö–Ω–∏–≥–∏	–£—á–∏—Ç–µ–ª—è	–°–æ—Ö—Ä–∞–Ω–∏—Ç—å –Ω–∞—Ü–∏—é	nation	"–°—Ç—Ä–∞—Ö, —á—Ç–æ –±—É–¥—É—â–µ–µ –ø–æ–∫–æ–ª–µ–Ω–∏—è –∑–∞–±—É–¥—É—Ç —Å–≤–æ–π —Ä–æ–¥–Ω–æ–π 
—è–∑—ã–∫"	–•—å–≤–∞–∞–± —Ö—ä–≤–∞—Ä–¥–∏–±–µ?	–ù–µ—Ç.	–¥–∞
7	5/23/2022 12:13:40	–ñ	f	46-55	46-55	–ë–æ—Ç–ª–∏—Ö	Botlikh	–ë–æ—Ç–ª–∏—Ö	Botlikh	–ê–≤–∞—Ä–∫–∞	Avar	–ë—É–∏—Ö–∞–ª—ä–∏	Botlikh	–ê–≤–∞—Ä–∫–∞	Avar	–ê–≤–∞—Ä–∫–∞	Avar	–ë—É–π—Ö–∞–ª—ä–∏	Botlikh	–ë—É–∏—Ö–∞–ª—ä–∏ –º–∏—Ü1—Ü1–∏	Botlikh	–∞–≤–∞—Ä—Ü–∞–º–∏	Avar		–±–æ—Ç–ª–∏—Ö—Å–∫–∏–π	Botlikh		–æ—Ç–¥–µ–ª—å–Ω—ã–º —è–∑—ã–∫–æ–º	independent language		–¥–∏–∞–ª–µ–∫—Ç–æ–º	dialect	–ë–æ—Ç–ª–∏—Ö—Å–∫–æ–º—É	–¥–∏–∞–ª–µ–∫—Ç–æ–º	dialect	–ë–æ—Ç–ª–∏—Ö—Å–∫–æ–º—É	–ë–æ—Ç–ª–∏—Ö—Å–∫–æ–º—É	Botlikh	Botlikh	NA	NA	NA	—Å —Ä–æ–¥–∏—Ç–µ–ª—è–º–∏, —Å –¥–µ–¥—É—à–∫–æ–π –∏ –±–∞–±—É—à–∫–æ–π / —Å–æ —Å—Ç–∞—Ä—à–∏–º–∏, —Å —Å—É–ø—Ä—É–≥–æ–π / —Å —Å—É–ø—Ä—É–≥–æ–º, —Å –¥—Ä—É–≥–∏–º–∏ —Ä–æ–¥—Å—Ç–≤–µ–Ω–Ω–∏–∫–∞–º–∏, —Å –¥–µ—Ç—å–º–∏, —Å —Å–æ—Å–µ–¥—è–º–∏, —Å –æ–¥–Ω–æ—Å–µ–ª—å—á–∞–Ω–∞–º–∏	parents	other relatives	children	fellow villagers	partner	elderly	neighbors	–¥–∞		–¥–∞		–Ω–∞ –±–æ—Ç–ª–∏—Ö—Å–∫–æ–º, –Ω–∞ –∞–≤–∞—Ä—Å–∫–æ–º, –Ω–∞ —Ä—É—Å—Å–∫–æ–º	Botlikh	Avar	Russian	–û—Ç –Ω–∞—Ü–∏–æ–Ω–∞–ª—å–Ω–æ—Å—Ç–∏	–Ω–∞ –±–æ—Ç–ª–∏—Ö—Å–∫–æ–º, –Ω–∞ –∞–≤–∞—Ä—Å–∫–æ–º, –Ω–∞ —Ä—É—Å—Å–∫–æ–º	Botlikh	Avar	Russian	–û—Ç –Ω–∞—Ü–∏–æ–Ω–∞–ª—å–Ω–æ—Å—Ç–∏ —Å –∫–µ–º –æ–±—â–∞—é—Å—å	–î–∞	many	–ù–∞ —Ä–∞–∑–Ω—ã—Ö	multiple	–°–≤–æ–±–æ–¥–Ω–æ –≥–æ–≤–æ—Ä—é.	fluent		–î–∞	yes	–Ω–µ —É–≤–µ—Ä–µ–Ω(–∞)	not sure	3	3	–¥–∞	yes	5	3	5	1	1	5	5	5	5	5	5	5	5	3	3	5	5	5	5	5	5	5	5	5	–ø–∏—Å—å–º–µ–Ω–Ω–æ—Å—Ç—å, —É—á–µ–±–Ω—ã–µ –º–∞—Ç–µ—Ä–∏–∞–ª—ã, –¥–æ–±—Ä–æ–≤–æ–ª—å–Ω—ã–µ –∫—É—Ä—Å—ã	–ö–Ω–∏–≥–∏	–°–ø–µ—Ü–∏–æ–ª–∏—Å—Ç—ã	–í–∞–∂–Ω–æ –¥–ª—è —Å–æ—Ö—Ä–∞–Ω–µ–Ω–∏—è –Ω–∞—Ü–∏–∏	nation	–û–± –ø—Ä–µ–¥–∫–∞—Ö	–ò—à—Ö—ä–∞	–ù–µ—Ç	–¥–∞
1	5/20/2022 9:11:48	–ñ	f	16-25	16-25	–ú–æ—Å–∫–≤–∞	Moscow	–ú–∞—Ö–∞—á–∫–∞–ª–∞	Makhachkala	–ê–≤–∞—Ä–∫–∞	Avar	–ú–∞–≥|–∞—Ä—É–ª–∞–π	Avar	–ê–≤–∞—Ä–∫–∞	Avar	–ê–≤–∞—Ä–∫–∞	Avar	Avar from Dagestan	Mixed	–ë—É–π—Ö–∞–ª—å–∏ –º–∏—Ü—Ü1–∏ 	Botlikh	–∞–≤–∞—Ä—Ü–∞–º–∏	Avar		–±–æ—Ç–ª–∏—Ö—Å–∫–∏–π	Botlikh		–æ—Ç–¥–µ–ª—å–Ω—ã–º —è–∑—ã–∫–æ–º	independent language		–¥–∏–∞–ª–µ–∫—Ç–æ–º	dialect		–¥–∏–∞–ª–µ–∫—Ç–æ–º	dialect		–ë–æ—Ç–ª–∏—Ö—Å–∫–∏–π, –∞–≤–∞—Ä—Å–∫–∏–π , —Ä—É—Å—Å–∫–∏–π 	Botlikh, Russian, Avar	Botlikh	Avar	Russian	NA	—Å —Ä–æ–¥–∏—Ç–µ–ª—è–º–∏, —Å –¥–µ–¥—É—à–∫–æ–π –∏ –±–∞–±—É—à–∫–æ–π / —Å–æ —Å—Ç–∞—Ä—à–∏–º–∏, —Å –¥—Ä—É–≥–∏–º–∏ —Ä–æ–¥—Å—Ç–≤–µ–Ω–Ω–∏–∫–∞–º–∏, —Å –æ–¥–Ω–æ—Å–µ–ª—å—á–∞–Ω–∞–º–∏	parents	other relatives	NA	fellow villagers	NA	elderly	NA	–¥–∞		–¥–∞		–Ω–∞ —Ä—É—Å—Å–∫–æ–º	NA	NA	Russian	–û—Ç –∞—É–¥–∏—Ç–æ—Ä–∏–∏ , –¥–æ –∫–æ—Ç–æ—Ä–æ–π –Ω–∞–¥–æ –¥–æ–Ω–µ—Å—Ç–∏ –∏–Ω—Ñ–æ—Ä–º–∞—Ü–∏—é/–º—ã—Å–ª—å 	–Ω–∞ –±–æ—Ç–ª–∏—Ö—Å–∫–æ–º, –Ω–∞ —Ä—É—Å—Å–∫–æ–º	Botlikh	NA	Russian	–Ø–∑—ã–∫ —Å–æ–±–µ—Å–µ–¥–Ω–∏–∫–∞ 	–ó–∞—Ç—Ä—É–¥–Ω—è—é—Å—å –æ—Ç–≤–µ—Ç–∏—Ç—å 	NA	–í –ø—Ä–µ–∏–º—É—â–µ—Å—Ç–≤–æ –ø–∞—Ç—Ä–∏–∞—Ä—Ö–∞–ª—å–Ω–æ–º –î–∞–≥–µ—Å—Ç–∞–Ω–µ - –Ω–∞ —è–∑—ã–∫–µ –æ—Ç—Ü–∞ , —Å–∫–æ—Ä–µ–µ –≤—Å–µ–≥–æ 	paternal	–ì–æ–≤–æ—Ä—é –Ω–æ—Ä–º–∞–ª—å–Ω–æ, –Ω–æ –Ω–µ –∑–Ω–∞—é –º–Ω–æ–≥–æ —Å–ª–æ–≤.	OK		–°–∫–æ—Ä–µ–µ –¥–∞ 	yes	–Ω–µ —É–≤–µ—Ä–µ–Ω(–∞)	not sure	3	3	–¥–∞	yes	5	1	5	1	5	5	5	3	3	5	5	2	2	5	5	5	3	5	5	5	5	5	5	5	–ø–∏—Å—å–º–µ–Ω–Ω–æ—Å—Ç—å, —É—á–µ–±–Ω—ã–µ –º–∞—Ç–µ—Ä–∏–∞–ª—ã, –æ–±—è–∑–∞—Ç–µ–ª—å–Ω—ã–µ —É—Ä–æ–∫–∏, –¥–æ–±—Ä–æ–≤–æ–ª—å–Ω—ã–µ –∫—É—Ä—Å—ã, –°–ú–ò, —Ä–∞–∑–≤–ª–µ–∫–∞—Ç–µ–ª—å–Ω—ã–π –∫–æ–Ω—Ç–µ–Ω—Ç	–†–∞–∑–≥–æ–≤–æ—Ä–Ω—ã–π –∫–ª—É–± 	–ù–æ—Å–∏—Ç–µ–ª—å —è–∑—ã–∫–∞ 	–°–æ—Ö—Ä–∞–Ω–µ–Ω–∏–µ –∏—Å—Ç–æ—Ä–∏–∏ 	history	–£–≤–µ—Ä–µ–Ω–Ω–æ—Å—Ç—å –≤ —Å–≤–æ–µ–π –ø—Ä–∏–Ω–∞–¥–ª–µ–∂–Ω–æ—Å—Ç–∏ –∫ —á–µ–º—É —Ç–æ —Å–∞–∫—Ä–∞–º–µ–Ω—Ç–∞–ª—å–Ω–æ–º—É 	–ö—ä–≤–∞—á–∞—Ä–∞ 		–¥–∞
3	5/20/2022 17:47:16	–ñ	f	46-55	46-55	–ë–æ—Ç–ª–∏—Ö, —Å—Ç–∞—Ä–æ–µ —Å–µ–ª–æ	Botlikh	–í –ë–æ—Ç–ª–∏—Ö–µ	Botlikh	–±–æ—Ç–ª–∏—Ö–∫–∞	Botlikh	–±—É–π–∏—Ö–∞–ª—ä–∏	Botlikh	–±–æ—Ç–ª–∏—Ö–∫–∞	Botlikh	–¥–∞–≥–µ—Å—Ç–∞–Ω–∫–∞	Dagestanian	–î–∞–≥–µ—Å—Ç–∞–Ω–∫–∞, —Ä–æ—Å—Å–∏—è–Ω–∫–∞	Mixed	–±—É–π–∏—Ö–∞–ª—ä–∏	Botlikh	—Å—É–±—ç—Ç–Ω–æ—Å–æ–º –∞–≤–∞—Ä—Ü–µ–≤	Avar subethnos		–±–æ—Ç–ª–∏—Ö—Å–∫–∏–π	Botlikh		–æ—Ç–¥–µ–ª—å–Ω—ã–º —è–∑—ã–∫–æ–º	independent language		–¥–∏–∞–ª–µ–∫—Ç–æ–º	dialect	–±–æ—Ç–ª–∏—Ö—Å–∫–æ–º—É	–¥–∏–∞–ª–µ–∫—Ç–æ–º	dialect	–±–æ—Ç–ª–∏—Ö—Å–∫–æ–º—É	–±–æ—Ç–ª–∏—Ö—Å–∫–∏–π –∏ —Ä—É—Å—Å–∫–∏–π	Botlikh, Russian	Botlikh	NA	Russian	NA	—Å —Ä–æ–¥–∏—Ç–µ–ª—è–º–∏, —Å –¥–µ–¥—É—à–∫–æ–π –∏ –±–∞–±—É—à–∫–æ–π / —Å–æ —Å—Ç–∞—Ä—à–∏–º–∏, —Å —Å—É–ø—Ä—É–≥–æ–π / —Å —Å—É–ø—Ä—É–≥–æ–º, —Å –¥—Ä—É–≥–∏–º–∏ —Ä–æ–¥—Å—Ç–≤–µ–Ω–Ω–∏–∫–∞–º–∏, —Å –¥–µ—Ç—å–º–∏, —Å —Å–æ—Å–µ–¥—è–º–∏, —Å –æ–¥–Ω–æ—Å–µ–ª—å—á–∞–Ω–∞–º–∏	parents	other relatives	children	fellow villagers	partner	elderly	neighbors	–¥–∞		–¥–∞		–Ω–∞ –±–æ—Ç–ª–∏—Ö—Å–∫–æ–º, –Ω–∞ –∞–≤–∞—Ä—Å–∫–æ–º, –Ω–∞ —Ä—É—Å—Å–∫–æ–º	Botlikh	Avar	Russian	–æ—Ç –∞—É–¥–∏—Ç–æ—Ä–∏–∏	–Ω–∞ –±–æ—Ç–ª–∏—Ö—Å–∫–æ–º, –Ω–∞ –∞–≤–∞—Ä—Å–∫–æ–º, –Ω–∞ —Ä—É—Å—Å–∫–æ–º	Botlikh	Avar	Russian	–Ω–∞—Ü–∏–æ–Ω–∞–ª—å–Ω–∞—è –ø—Ä–∏–Ω–∞–¥–ª–µ–∂–Ω–æ—Å—Ç—å –æ–±–µ—Å–µ–¥–Ω–∏–∫–∞	–¥–∞	many	–¥–æ–ª–∂–Ω—ã –∑–Ω–∞—Ç—å –æ–±–∞ —è–∑—ã–∫–∞	multiple	–°–≤–æ–±–æ–¥–Ω–æ –≥–æ–≤–æ—Ä—é.	fluent		–¥–∞	yes	–Ω–µ—Ç	no	5	5	–¥–∞	yes	5	1	5	1	5	5	5	5	5	5	5	4	4	4	4	5	5	4	5	5	3	5	5	3	–ø–∏—Å—å–º–µ–Ω–Ω–æ—Å—Ç—å, —É—á–µ–±–Ω—ã–µ –º–∞—Ç–µ—Ä–∏–∞–ª—ã, –°–ú–ò	—Å–º–∏	—Å–ø–µ—Ü–∏–∞–ª–∏—Å—Ç—ã-–ª–∏–Ω–≥–≤–∏—Å—Ç—ã 	–ù–∞—Ä–æ–¥ –¥–æ–ª–∂–µ–Ω –∑–Ω–∞—Ç—å —Å–≤–æ–∏ –∫–æ—Ä–Ω–∏	roots	—Ö–æ—á—É, —á—Ç–æ–±—ã –Ω–∞ –Ω—ë–º –≥–æ–≤–æ—Ä–∏–ª–æ —Å–ª–µ–¥—É—é—â–µ–µ –ø–æ–∫–æ–ª–µ–Ω–∏–µ	–±–µ–≥—ä–µ–≤—á1—É, —Ç1–æ–ª–≥—É–¥–∞–ª–∞ –∏–¥–µ		–¥–∞
4	5/21/2022 23:27:19	–ú	m	46-55	46-55	–ë–æ—Ç–ª–∏—Ö	Botlikh	–ë–æ—Ç–ª–∏—Ö	Botlikh	–ë—É–π—Ö–∞–ª—å–∏ 	Botlikh	–ë—É–π—Ö–∞–ª—å–∏ 	Botlikh	–ë–æ—Ç–ª–∏—Ö–µ—Ü	Botlikh	–ë–æ—Ç–ª–∏—Ö–µ—Ü	Botlikh	–ë–æ—Ç–ª–∏—Ö–µ—Ü 	Botlikh	–ë—É–π—Ö–∞–ª—å–∏ –º–∏—Ü1—Ü1–∏	Botlikh	–æ—Ç–¥–µ–ª—å–Ω—ã–º –Ω–∞—Ä–æ–¥–æ–º	separate ethnos	–î–∏–¥–æ–π—Ü—ã	–±–æ—Ç–ª–∏—Ö—Å–∫–∏–π	Botlikh	–ê—Ä–∞–±—Å–∫–∏–π	–æ—Ç–¥–µ–ª—å–Ω—ã–º —è–∑—ã–∫–æ–º	independent language	–ù–µ —Å—á–∏—Ç–∞—é 	–¥–∏–∞–ª–µ–∫—Ç–æ–º	dialect	–ë–æ—Ç–ª–∏—Ö—Å–∫–æ–º—É	–¥–∏–∞–ª–µ–∫—Ç–æ–º	dialect	–ë–æ—Ç–ª–∏—Ö—Å–∫–æ–º—É	–ë–æ—Ç–ª–∏—Ö—Å–∫–æ–º	Botlikh	Botlikh	NA	NA	NA	—Å —Ä–æ–¥–∏—Ç–µ–ª—è–º–∏, —Å –¥–µ–¥—É—à–∫–æ–π –∏ –±–∞–±—É—à–∫–æ–π / —Å–æ —Å—Ç–∞—Ä—à–∏–º–∏, —Å —Å—É–ø—Ä—É–≥–æ–π / —Å —Å—É–ø—Ä—É–≥–æ–º, —Å –¥—Ä—É–≥–∏–º–∏ —Ä–æ–¥—Å—Ç–≤–µ–Ω–Ω–∏–∫–∞–º–∏, —Å –¥–µ—Ç—å–º–∏, —Å —Å–æ—Å–µ–¥—è–º–∏, —Å –æ–¥–Ω–æ—Å–µ–ª—å—á–∞–Ω–∞–º–∏	parents	other relatives	children	fellow villagers	partner	elderly	neighbors	–¥–∞	–ú—ã –æ–±—è–∑–∞–Ω—ã —Å–æ—Ö—Ä–∞–Ω–∏—Ç—å –±–æ—Ç–ª–∏—Ö—Å–∫–∏–π —è–∑—ã–∫ –∏ –ø–µ—Ä–µ–¥–∞—Ç—å –Ω–∞—à–∏–º –¥–µ—Ç—è–º. –°–æ—Ö—Ä–∞–Ω–µ–Ω–∏–µ —è–∑—ã–∫–∞ –µ–¥–∏–Ω—Å—Ç–≤–µ–Ω–Ω—ã–π —Å–ø–æ—Å–æ–± –≤—ã–∂–∏—Ç—å –±–æ—Ç–ª–∏—Ö—Ü–∞–º –Ω–∞ —Å–≤–æ–µ–π –∑–µ–º–ª–µ .	–¥–∞	–°–æ—Ö—Ä–∞–Ω–µ–Ω–∏–µ–º  —è–∑—ã–∫–∞, —Å–æ—Ö—Ä–∞–Ω–∏–º –∑–µ–º–ª—é, —Å–∞–º–æ–±—ã—Ç—å, –Ω—Ä–∞–≤—Å—Ç–≤–µ–Ω–Ω–æ—Å—Ç—å, –æ–±—ã—á–∞–∏.	–Ω–∞ –±–æ—Ç–ª–∏—Ö—Å–∫–æ–º	Botlikh	NA	NA	–û—Ç —Å–æ–±–µ—Å–µ–¥–Ω–∏–∫–∞ 	–Ω–∞ –±–æ—Ç–ª–∏—Ö—Å–∫–æ–º	Botlikh	NA	NA	–ü—Ä–æ–∂–∏–≤–∞–Ω–∏–µ–º –Ω–∞ —Ä–æ–¥–Ω–æ–π –∑–µ–º–ª–µ, –≤—Å—Ç—Ä–µ—á–æ–π –æ–¥–Ω–æ—Å–µ–ª—å—á–∞–Ω–∞–º–∏	–ú–Ω–æ–≥–æ	many	–ù–∞ —Ä—É—Å—Å–∫–æ–º 	lingua franca	–°–≤–æ–±–æ–¥–Ω–æ –≥–æ–≤–æ—Ä—é.	fluent	–ü–æ –¥–µ—Å—è—Ç–∏–±–∞–ª—å–Ω–æ–º - –≤–æ—Å–µ–º—å –±–∞–ª–ª–æ–≤	–î–∞	yes	–Ω–µ—Ç	no	5	5	–¥–∞	yes	5	1	5	1	5	2	2	5	5	5	5	5	5	5	5	5	5	5	5	5	5	5	5	5	–æ–±—è–∑–∞—Ç–µ–ª—å–Ω—ã–µ —É—Ä–æ–∫–∏	–ê—Ä—Ö–∏–≤–Ω—ã–µ –º–∞—Ç–µ—Ä–∏–∞–ª—ã ,	–ë–æ—Ç–ª–∏—Ö—Ü—ã –ø–µ–¥–∞–≥–æ–≥–∏ ,–ø—Ä–∏ –ø–æ–¥–¥–µ—Ä–∂–∫–µ –≥–æ—Å—É–¥–∞—Ä—Å—Ç–≤–∞.	–ú–µ–Ω—è —Å –¥–µ—Ç—Å—Ç–≤–∞ —É—á–∏–ª–∏ –ª—é–±–∏—Ç—å –∏ –∑–∞—â–∏—â–∞—Ç—å —Å–≤–æ—ë —Å–µ–ª–æ –ë–æ—Ç–ª–∏—Ö, –µ–¥–∏–Ω—Å—Ç–≤–µ–Ω–Ω–æ–µ —á—Ç–æ –æ—Å—Ç–∞—ë—Ç—Å—è –¥–µ–ª–∞—Ç—å —Å–æ—Ö—Ä–∞–Ω–∏—Ç—å —è–∑—ã–∫ . –î—Ä—É–≥–∏–µ –≤–∞—Ä–∏–∞–Ω—Ç—ã –Ω–µ –æ—Å—Ç–∞–ª–∏—Å—å. –°–∞–º–∏ –≤–∏–Ω–æ–≤–∞—Ç—ã,  —Ä–∞—Å–ø—Ä–æ–¥–∞–ª–∏ –∑–µ–º–ª–∏ –∏ –ø—Ä–∏–µ–∑–∂–∏—Ö —Å—Ç–∞–Ω–æ–≤–∏—Ç—Å—è –±–æ–ª—å—à–µ. –°–µ–π—á–∞—Å —ç—Ç–æ –ø—Ä–æ—Ü–µ—Å—Å –ø—Ä–∏–æ—Å—Ç–∞–Ω–æ–≤–∏–ª–∏, –æ–±—Ä–∞—Ç–Ω–æ –∑–∞–±–∏—Ä–∞–µ–º –∑–µ–º–ª–∏ –∏ –¥–æ–º–∞.–†–æ–∂–¥–∞–µ–º–æ—Å—å —Ç–æ–∂–µ —É–≤–µ–ª–∏—á–∏–≤–∞–µ—Ç—Å—è —Å –∫–∞–∂–¥—ã–º –≥–æ–¥–æ–º —É –±–æ—Ç–ª–∏—Ö—Ü–µ–≤.	other	–Ø –≥–æ—Ä–∂—É—Å—å –∏ –º–Ω–µ —Å–ø–æ–∫–æ–π–Ω–æ,  —á—Ç–æ –µ—Å—Ç—å –µ—â—ë –ª—é–¥–∏ –∫–æ—Ç–æ—Ä—ã–µ –ª—é–±—è—Ç –ë–æ—Ç–ª–∏—Ö –∏ –ë–æ—Ç–ª–∏—Ö—Å–∫–∏–π —è–∑—ã–∫. –ü—Ä–æ—à–ª–æ–º –≥–æ–¥—É –º—ã –ø–æ—Ç–µ—Ä—è–ª–∏ –Ω–∞—Å—Ç–æ—è—â–µ–≥–æ –ø–∞—Ç—Ä–∏–æ—Ç–∞ –ë–æ—Ç–ª–∏—Ö–∞ , –∫–æ—Ç–æ—Ä—ã–π –≤—Å—é –∂–∏–∑–Ω—å –∑–∞–Ω–∏–º–∞–ª—Å—è –∏–º–µ–Ω–Ω–æ –±–æ—Ç–ª–∏—Ö—Å–∫–∏–º–∏ –≤–æ–ø—Ä–æ—Å–∞–º–∏ –≤–æ –≤—Å–µ—Ö —É—Ä–æ–≤–Ω—è—Ö. –¢–µ–ø–µ—Ä—å –µ—Å—Ç—å –Ω–∞–¥–µ–∂–¥–∞ —á—Ç–æ –±–æ—Ç–ª–∏—Ö—Å–∫–∏–π —è–∑—ã–∫ –Ω–µ –∑–∞–±—É–¥—É—Ç –∏ –±—É–¥–µ—Ç –ø—Ä–æ–¥–æ–ª–∂–µ–Ω–∞ —Ä–∞–±–æ—Ç–∞ —ç—Ç–æ–º –Ω–∞–ø—Ä–∞–≤–ª–µ–Ω–∏–∏. 	 –±—É–π—Ö–∞–¥–∏, –±—É–π—Ö–∞–ª—ä–∏ –≥—å–∞–Ω–∏.	–í–∞–º –æ–≥—Ä–æ–º–Ω–æ–µ —Å–ø–∞—Å–∏–±–æ , –≤–æ–ø—Ä–æ—Å—ã –∏–º–µ–Ω–Ω–æ –≤ —Ç–µ–º—É, –æ –Ω–∞–±–æ–ª–µ–≤—à–µ–º. –ò–Ω—Å–∞–Ω –Ω–µ –ø–æ–¥–¥–µ—Ä–∂–∏–≤–∞—é –æ–Ω–∏ —Å–æ–∑–¥–∞—é—Ç –ø—Ä–æ–±–ª–µ–º—ã –∫–æ—Ä–µ–Ω–Ω—ã–º –±–æ—Ç–ª–∏—Ö—Ü–∞–º —Å–≤–æ–µ–π –ø–æ–ª–∏—Ç–∏–∫–æ–π. 	–Ω–µ—Ç
11	5/25/2022 11:05:05	–ñ	f	36-45	36-45	–ö–∏–∑–ª—è—Ä	Kizlyar	–ú–∞—Ö–∞—á–∫–∞–ª–∞	Makhachkala	–ê–≤–∞—Ä–∫–∞	Avar	–ë—É–∏—Ö–∞–ª—å–∏	Botlikh	–ë–æ—Ç–ª–∏—Ö—Å–∫–∞—è	Botlikh	–ê–≤–∞—Ä–∫–∞	Avar	–ê–≤–∞—Ä–∫–∞ 	Avar	–ë—É–∏—Ö–∞–ª—å–∏	Botlikh	–∞–≤–∞—Ä—Ü–∞–º–∏	Avar		–±–æ—Ç–ª–∏—Ö—Å–∫–∏–π	Botlikh		–æ—Ç–¥–µ–ª—å–Ω—ã–º —è–∑—ã–∫–æ–º	independent language		–¥–∏–∞–ª–µ–∫—Ç–æ–º	dialect	–Ø –Ω–µ–∑–Ω–∞—é .	–¥–∏–∞–ª–µ–∫—Ç–æ–º	dialect	–ù–µ–∑–Ω–∞—é 	–í—Å–µ –±–æ—Ç–ª–∏—Ö—Å–∫–∏–µ. –†–∞–∑–≥–æ–≤–∞—Ä–∏–≤–∞–µ–º –Ω–∞ –±–æ—Ç–ª–∏—Ö—Å–∫–æ–º –∏ —Ä—É—Å—Å–∫–æ–º.	Botlikh, Russian	Botlikh	NA	Russian	NA	—Å —Ä–æ–¥–∏—Ç–µ–ª—è–º–∏, —Å —Å—É–ø—Ä—É–≥–æ–π / —Å —Å—É–ø—Ä—É–≥–æ–º, —Å –¥—Ä—É–≥–∏–º–∏ —Ä–æ–¥—Å—Ç–≤–µ–Ω–Ω–∏–∫–∞–º–∏, —Å –¥–µ—Ç—å–º–∏, —Å –æ–¥–Ω–æ—Å–µ–ª—å—á–∞–Ω–∞–º–∏	parents	other relatives	children	fellow villagers	partner	NA	NA	–¥–∞	–ë–æ—Ç–ª–∏—Ö—Å–∫–∏–µ –¥–µ—Ç–∏ —Å –¥–µ—Ç—Å—Ç–≤–∞ –∑–Ω–∞—é—Ç 3 —è–∑—ã–∫–∞. –Ø –¥—É–º–∞—é —ç—Ç–æ –∫—Ä—É—Ç–æüëçüèº	–¥–∞	–î–µ—Ç–∏ –¥–æ–ª–∂–Ω—ã –∑–Ω–∞—Ç—å —Å–≤–æ–π —è–∑—ã–∫ . –ú–æ–∏ –∫ —Å–æ–∂–∞–ª–µ–Ω–∏—é –Ω–µ –≤—Å–µ –∑–Ω–∞—é—Ç. –ê –∞–≤–∞—Ä—Å–∫–∏–π –≤–æ–æ–±—â–µ –Ω–µ –∑–Ω–∞—é—Ç. 	–Ω–∞ —Ä—É—Å—Å–∫–æ–º	NA	NA	Russian	–ù–µ —É–º–µ—é –ø–∏—Å–∞—Ç—å –Ω–∞ –∞–≤–∞—Ä—Å–∫–æ–º –∏ –±–æ—Ç–ª–∏—Ö—Å–∫–æ–º	–Ω–∞ –±–æ—Ç–ª–∏—Ö—Å–∫–æ–º, –Ω–∞ –∞–≤–∞—Ä—Å–∫–æ–º, –Ω–∞ —Ä—É—Å—Å–∫–æ–º	Botlikh	Avar	Russian	–ü–æ –Ω–∞—Å—Ç—Ä–æ–µ–Ω–∏—é. –ï—Å–ª–∏ –∑–Ω–∞–µ—Ç –±–æ—Ç–ª–∏—Ö—Å–∫–∏–π, —Ç–æ –Ω–∞ –±–æ—Ç–ª–∏—Ö—Å–∫–æ–º . –ï—Å–ª–∏ –Ω–µ—Ç ,—Ç–æ –Ω–∞ –∞–≤–∞—Ä—Å–∫–æ–º –∏–ª–∏ –Ω–∞ —Ä—É—Å—Å–∫–æ–º 	–£–∂–µ –¥–∞	many	–ù–∞ —Ä—É—Å—Å–∫–æ–º ,–∫–∞–∫ –ø–æ–∫–∞–∑—ã–≤–∞–µ—Ç –ø—Ä–∞–∫—Ç–∏–∫–∞. –û—á–µ–Ω—å –∂–∞–ª—å –∫–æ–Ω–µ—á–Ω–æ. –ù–æ –µ—Å—Ç—å –≥–¥–µ –¥–µ—Ç–∏ –∑–Ω–∞—é—Ç —è–∑—ã–∫–∏ —Å–≤–æ–∏—Ö —Ä–æ–¥–∏—Ç–µ–ª–µ–π. 	lingua franca	–°–≤–æ–±–æ–¥–Ω–æ –≥–æ–≤–æ—Ä—é.	fluent		–î–∞	yes	–Ω–µ—Ç	no	5	5	–¥–∞	yes	5	4	5	1	5	5	5	5	5	5	5	3	3	4	4	5	5	3	3	4	4	4	5	4	–ø–∏—Å—å–º–µ–Ω–Ω–æ—Å—Ç—å, –°–ú–ò, —Ä–∞–∑–≤–ª–µ–∫–∞—Ç–µ–ª—å–Ω—ã–π –∫–æ–Ω—Ç–µ–Ω—Ç	–†–∞–∑–≤–ª–µ–∫–∞—Ç . –ú—É–ª—å—Ç–∏–∫–∏ –¥–ª—è –¥–µ—Ç–µ–π	–¢–µ –∫—Ç–æ –∑–Ω–∞—é—Ç –±–æ—Ç–ª–∏—Ö—Å–∫–∏–π. 	–ß—Ç–æ–± –∑–Ω–∞—Ç—å –∏—Å—Ç–æ—Ä–∏—é —Å–≤–æ–µ–≥–æ –Ω–∞—Ä–æ–¥–∞ 	history	–Ø –∂–∏–≤—É –≤ –≥–æ—Ä–æ–¥–µ –≥–¥–µ –Ω–µ—Ç —Ä–æ–¥–Ω–∏ –∏ –º–æ–∏ –¥–µ—Ç–∏ –º–∞–≥–æ –≥–æ–≤–æ—Ä—è—Ç –Ω–∞ —Ä–æ–¥–Ω–æ–º —è–∑—ã–∫–µ. –ú–ª–∞–¥—à–∞—è –≤–æ–æ–±—â–µ –Ω–µ –∑–Ω–∞–µ—Ç	–ù–µ–∑–Ω–∞—é –¥–∞–∂–µ. –í—Å–µ —Å–ª–æ–≤–∞ –ª—é–±–ª—é.	–í—ã –º–æ–ª–æ–¥—Ü—ã üëçüèº	–¥–∞
